Product,Price,Image
LENOVO THINKPAD T450 DUAL DRIVE LAPTOP CORE i5 GEN 5 HARGA KY T440P !! - ECONOMY,Rp 3.699.999,https://ecs7.tokopedia.net/img/cache/200-square/product-1/2020/1/6/5190425/5190425_c2b52bf0-7834-477b-991e-5b31c3950929_2048_2048
Laptop Dell 6410 Core i5 - Super murah - Bergaransi,Rp 2.099.000,https://ecs7.tokopedia.net/img/cache/200-square/product-1/2020/1/13/384274213/384274213_e74951d7-37f5-4456-b182-6294c168fcf2_688_688.jpg
GAMING LAPTOP LENOVO IDEAPAD 330 14AST AMD A9 9425 | 4GB | 1TB | BONUS,Rp 4.199.000,https://ecs7.tokopedia.net/img/cache/200-square/attachment/2019/8/8/156524394587721/156524394587721_55557e06-5fda-4553-80df-f154e8e0d716.png
Laptop HP 8440p Intel Core i5-Bonus Tas-Kualitas OK-Obral Murah,Rp 2.499.000,https://ecs7.tokopedia.net/img/cache/200-square/product-1/2020/1/17/215754359/215754359_556b5144-9b51-42b8-bc82-6a8f99d412f4_718_718.jpg
Laptop murah bagus lenovo thinkpad t430 core i5 hardisk 320gb ram 4gb,Rp 2.400.000,https://ecs7.tokopedia.net/img/cache/200-square/product-1/2017/8/22/159342155/159342155_42f08a23-3a49-402c-91c3-ad4e6e3ccd0d_2048_0.jpg
Laptop Lenovo X230 Tab Core i7 - Ram 4gb - Hdd 320gb - Supermurah,Rp 3.099.000,https://ecs7.tokopedia.net/img/cache/200-square/product-1/2019/6/10/32604150/32604150_9744a5e9-04b9-4770-9ff5-78459e1b1951_1032_1032
LAPTOP RAM 8GB CORE i5 DENGAN SSD MERK DELL VGA INTEL NVIDIA BONUS TAS - HDD,Rp 3.700.000,https://ecs7.tokopedia.net/img/cache/200-square/product-1/2020/1/8/410218121/410218121_a7e5e258-776b-4347-a652-c34c6f9ceaf0_1512_1512.jpg
Laptop HP 15 Ryzen 3-2200U RAM 4GB HDD 1TB Vega 3 Windows 10 15.6 HD - Hitam,Rp 4.999.000,https://ecs7.tokopedia.net/img/cache/200-square/product-1/2019/9/3/1831160/1831160_6dd104bf-eeb5-4f89-9f28-a5ed15a1f13c_1000_1000
Laptop Hp 640 G1 Core i5 - RAM 8GB - HDD 500GB Bergaransi,Rp 3.599.000,https://ecs7.tokopedia.net/img/cache/200-square/product-1/2019/4/5/32604150/32604150_9ba6a668-033e-445f-877c-5e4be2881a91_700_700.jpg
Xiaomi Mi Notebook Pro 15 Inch 2019. Like New. i5/8/256/MX150,Rp 13.900.000,https://ecs7.tokopedia.net/img/cache/200-square/product-1/2020/1/18/588067/588067_8fc3f2c2-6b30-4ab5-94cc-590452af5be7_1080_1080.jpg
"Zyrex Laptop Sky 232/S2 Black 4GB/256GB SSD, WIN 10HM",Rp 3.704.050,https://ecs7.tokopedia.net/img/cache/200-square/product-1/2019/5/8/17612200/17612200_2a7c5c90-28fc-4833-a7b7-3ca9b16d78c5_1000_1000
Laptop HP Elitebook 2560p Ci7 Gen2 Ram 4GB HDD 500GB,Rp 2.400.000,https://ecs7.tokopedia.net/img/cache/200-square/product-1/2019/11/21/72133035/72133035_1898f4cf-1189-4d02-91d7-8c64aaf0011d_2048_2048
Laptop Lenovo i5-3320M|RAM 4GB|HDD 300GB|,Rp 2.050.000,https://ecs7.tokopedia.net/img/cache/200-square/product-1/2019/11/22/12896339/12896339_1fd40a40-ed10-47ab-afdd-a738bb095e5a_2048_2048
Acer Swift 3 Ultra-Thin Laptop - SF315-41 - Ryzen 5 8GB VEGA 8 W10 - P,Rp 7.200.000,https://ecs7.tokopedia.net/img/cache/200-square/product-1/2019/9/3/70419398/70419398_46717dff-478e-43aa-8839-56cf4d703292_700_700
Laptop HP 2730 Layar Putar Touchscreen Murah Bergaransi,Rp 1.535.000,https://ecs7.tokopedia.net/img/cache/200-square/product-1/2019/10/16/6742353/6742353_aa977699-c61b-4559-ac59-3d9db20fb16c_700_700.jpg
OBRAL Laptop Lenovo Thinkpad X131e - intel - 8GB RAM - 320GB HDD Murah,Rp 1.899.900,https://ecs7.tokopedia.net/img/cache/200-square/attachment/2020/1/10/157859439149532/157859439149532_edd16907-4006-4bdf-bdb1-89ade8a6ddf2.png
Laptop Lenovo Ideapad 330S 15ARR AMD Ryzen 5 RAM 8GB SSD 256GB - Grey,Rp 6.399.000,https://ecs7.tokopedia.net/img/cache/200-square/product-1/2019/12/17/1831160/1831160_633469b9-df47-47a6-ac6a-96c8b0ffab3e_672_672
Laptop Fujitsu Lifebook P771/D Ci5 2520M 2.5Ghz 4Gb/250Gb Nb290r,Rp 2.000.000,https://ecs7.tokopedia.net/img/cache/200-square/product-1/2017/11/1/223715592/223715592_65764800-c13a-4f56-b63f-ba52418c6ba8_800_800.jpg
Laptop HP 15 AMD Ryzen 7 3700 RAM 8GB SSD 256GB 15.6 HD Touch Win 10 - Silver,Rp 7.649.000,https://ecs7.tokopedia.net/img/cache/200-square/product-1/2020/1/16/1831160/1831160_904d72e2-e8ad-4047-baca-fe5d60fc1fa6_672_672
LAPTOP TOSHIBA B551 i5-2520M | HDD 250GB | 4GB RAM,Rp 2.000.000,https://ecs7.tokopedia.net/img/cache/200-square/product-1/2019/11/22/12896339/12896339_7708de50-e6d3-4898-89fb-2416a05b220d_2048_2048
